user_name, full_name, num_posts, num_followed_by, num_following_by
soymuyfalsa,Soy Muy FalsağŸ’„ ,5,74,1
lirlando,Irlando Lima ,2,63,70
andrea_bordon_,andrea bordon ,1,131,84
@ndah.endah.3701,@ndah.endah.3701 â€¢ Instagram photos and videos,3,798,138
jolsuperstar_tz,jolsuperstartz ,66,494,195
wisnuhdyat33,WisnuHidayat ,5,552,252
adiukulelo87,ğ“ğ“­ğ“² ğ“¤ğ“´ğ“¾ğ“µğ“®ğ“µğ“¸ ,27,9438,6989
edupdv04,Eduard Puigdevall ,303,1705,434
segaid98,Sega ID98 ,17,274,210
reza.aliakber,Reza Aliakbar ,2,75,168
dairo_p10,Dairo Perez   ))Â°Â°/M(( ,78,358,163
zj.2_,Ù…Ø±ØªØ¶Ù‰ Ø§Ù„Ø¨ØµØ±Ø§ÙˆÙŠ ,1,5757,602
djgiulilocatti,Giuli Locatti MascareÃ±o ğŸ‡®ğŸ‡¹ ,67,4808,4881
fabiiojr,Fabio A.ğŸ‡®ğŸ‡¹ ,30,1726,996
kbenitok,Erico Benito ,59,8193,25
yuliagarciafer,Julia ,345,7204,78
firsov1996,Ğ¤Ğ¸Ñ€ÑĞ¾Ğ² Ğ”Ğ¼Ğ¸Ñ‚Ñ€Ğ¸Ğ¹ ,20,89,4761
fmsoft.co.za,FMsoft ,5,82,39
francy_lanzetta,kekka lanzetta ,2,229,677
sambelnya_pisah,Pangkur Jagat Aldian ,28,450,328
miguelrill98,MiguelğŸ’¯ ,9,677,292
graf_kherson,Vladik ğŸ¦ ,70,3853,152
gineuse,YT ,10,1924,76
brisbris,Giovanni Farris ,54,1286,268
adiosplastico,ADIÃ“S PLÃSTICO BY BIOTIME ,20,146,161
Error
@chrismainahperre,@chrismainahperre â€¢ Instagram photos and videos,0,0,2
nisanur4266,Nisanur Ã–zata ,1,6,77
ojo_olaiya_wahab,ojo olaiya wahab ,0,1,118
ph.page_ferro,PHOTOGRAPHER PAGE ,6,90,386
nadia.lehmann.18,Nadia Lehmann ,13,1091,291
ls_abdul,AbdulGaffar LS (-A.G-) ,7,765,503
evren6964,Sibel EVREN ,1,8,280
birkan968ozmuk13,Birkan Ã–ZMUK ,1,10,78
king_g265,Tyrique Padilla ,11,189,786
deyan.klv,Rebellifestyle ,38,614,457
danie_jr_201,Danie jr HMCI #011 ,83,993,2752
luisfellipe50,luis fellipe ,0,2,9
Error
mariade6443,maria de jesus ,0,0,10
annika_spammmsssss,Annika Williams ,0,11,50
@ridzuan312_,@ridzuan312_ â€¢ Instagram photos and videos,18,946,1144
sagi9999,âœ³ï¸sagi shmaryahuâœ³ï¸ ,98,13.3k,448
malele84,Maribel Bibiloni ,480,345,375
realcarlos1,RealCarlos ,180,24.2k,155
bombazarprecinho,Bazar Precinho Bom ,0,15,113
aysen3355,AyÅŸen Kopan ,1,6,33
hamade_allazkane21,H A M A D E || Ø­Ù…Ø§Ø¯ÙŠ ,8,615,184
nature_amazing._,NATURE ,22,317,651
oldsoul1231,Ethan ,16,13,31
gayeakbas5,Gaye AkbaÅŸ ,1,6,111
_stres_s,sashenkağŸ¦– ,2,18,45
darielisflorentino,Darielis Florentino ,1,25,121
patrykw0,Patryk0 ,3,88,129
aydindemirel834,AydÄ±n DEMÄ°REL ,1,7,71
gorgeousdovecameron,dove ,2,10,136
simayyazici213,Simay Yazici ,1,5,186
ev_genii8724,Ğ•Ğ²Ğ³ĞµĞ½Ğ¸Ğ¹ ,1,6,22
jin_cs_kalifa12,cukup setiawan ,5,1051,92
@khalid_malkk,@khalid_malkk â€¢ Instagram photos and videos,20,303,396
monie_babyyyy,TheyycravetayyğŸŒˆğŸ¤¤ ,4,1448,507
mhmmdzakiit,"WORK HARD,PLAY HARD,ENJOY" ,7,748,526
dominik__biro,BirÃ³ Dominik ,46,1441,192
amandaruqaiyaanthika,Amanda Ruqaiya (Aiya) ğŸ”µ ,667,2613,266
valeriaaristizabal4,Valeria Aristizabal ,0,3,13
melikazzz47,melikaaa ,0,1,3
karlataynara31,taynara limaâ¤ ,1,199,595
michellallencar,Michell AllencarÂ©ï¸ ,15,14.8k,7343
milliemacdougall,Millie MacDougall ,612,3436,472
imaamdamanik17_,Imaam Damanik ,0,9,63
diieta_21,Dieta 21 dias ,0,0,2
calimagluz,Luz Calimag ,0,0,11
dermawan2271,Arif Dermawan ,92,10k,426
tolgabulut9038,Tolga Bulut ,1,8,259
kulac1908,Ãœnal KulaÃ§ ,1,7,154
ttsbarber,Ã‰ SOU EU! ğŸ˜ ,0,72,250
yougotnojamsnct,Jisung Park Os Cute ,0,3,23
affio_leon,Leon ,22,228,296
sandeeparya72,SandeepArya ,0,26,10
iam_yimmy,Y-30 ğŸŒ´ğŸ“ ,2,1020,241
matteo_san1691,Matteo Pepe ğŸ˜ˆğŸ‘‘ ,27,2611,774
@_____a___d___a_____,@_____a___d___a_____ â€¢ Instagram photos and videos,11,552,44
windaaseptianii,Winda Septiani ,23,799,424
jennylynbuising,Jennylyn Buising ,0,0,10
bahceci1190,Bayram BAHÃ‡ECÄ° ,1,6,72
aline_pereira_pvd,aline Pereira ,0,0,11
donyatalbkemal,kemal donyatalb ,0,0,1
haanderson08,Hezekiah Anderson ,2,8,25
lojaludioutlet,Lucas Miguel ,0,0,1
panacheandrei,Andrei Panache ,2,171,401
brandeez_alia_nizam,Brandeez_alia_nizam ,662,6506,3787
ayoubahnach,ayoub--ah ,9,624,3690
nico.ok09,nicolas.MÃ©ndez ,0,1,25
artha_aqiqah,Artha Aqiqah ,18,527,765
sasan_dastvar,Å¡@Â§i ,153,147,799
tim___5k,(Ø£Ø³Ù„ÙŠØ¨ÙŠØ­ ğŸ˜Œâœ‹__â“‚ï¸ğŸ”°ğŸ‡®ğŸ‡¶) ,6,7291,4834
saputra__david,David Saputra ,5,2599,600
@rozhy__musl__manakan,@rozhy__musl__manakan â€¢ Instagram photos and videos,9,1317,3454
hayrullah2989,Hayrullah Ã‡ELÄ°K ,1,11,4
pardeep_kasana_2300,Pardeep Gurjar2300 ,12,163,949
maseratiii1,Bianco Alpi Novitec ,37,2248,476
bethlizae555,Eliza Beth ,0,41,64
devrim8025,Devrim Ã‡antay ,1,7,248
mihribanyildiz45,Mihriban Yildiz ,1,12,96
zekiye_aslanalp,Zekiye Aslanalp ,1,5,79
saddam_lraq_is_blind,saddam lraq is blind ,2,2,95
flaviaargentooo,ğŸ­Atriz FlÃ¡via ArgentoğŸ¬ ,213,7625,394
yougeshpremi,yougesh premi ,1,36,189
palomino.isidro,isidro palomino ,1,2,12
lil_stark10,G.Santos ,3,1848,338
mahamoodpv,mahamood pv ,3,137,642
junnu_02jd,junaiduddin ğŸ‘‘ ,8,2488,174
vilbun_dsouza_captures,Vilbun D'souza ,50,2345,569
ablaysarre,sarre ablay ,2,64,299
tomatosoupbooks,Tomato Soup Books ,8,101,154
dani_setiadi9087,Dani setiadi firman illahiğŸ‡²ğŸ‡¨ ,0,354,558
vrainthorn,Vrainthorn Sripangen ,11,269,987
bs88888m,Snapâ¤ï¸g888s8 ,0,4,4364
sameh_lubbad_1,Å¡Ã£mÄ™h Å‚Ã¹bbÃ¥ğŸ’ªÙÙ‘ÙÙ„ÙÙ‘ÙØ³Ø·Ù‘ÙŠÙ†ÙŠÙğŸ‡µğŸ‡¸ ,14,10.8k,743
davood7267,davood z ,5,172,346
william_martins_244,william Martins ,4,56,236
@srikandi_cantik_,@srikandi_cantik_ â€¢ Instagram photos and videos,8,218,157
tony_agliano,Tony AglianÃ² Real ,603,10.4k,2894
merhametsiz.aysen,AyÅŸen MERHAMETSÄ°Z ,1,6,108
akcayir5001,Yonca AKÃ‡AYIR ,1,4,167
alsyreem,reem alsyd ,165,952,5038
vndecidedb,undecided ,0,8,48
marysilva8114,Mary Silva ,5,15,136
@lem0ns33,@lem0ns33 â€¢ Instagram photos and videos,0,1,8
esinbulut9113,Esin BULUT ,1,7,239
@terapigunu,@terapigunu â€¢ Instagram photos and videos,49,215,43
rayafiani,Ray Primus Afiani ,1,411,112
augustine_miaw,AugustineKT ğŸŒ»â€¢ğŸ‡²ğŸ‡¾ ,262,7355,363
senemozer6,Senem Ã–zer ,1,7,275
jjkillergame,Monika/Luner ,1,17,69
callie_156778,ğŸ’•callieğŸ’• ,35,58,107
93h.m,Haedar Alsare ,19,10.9k,338
nacar808,Fatma NACAR ,1,7,8
cesar_sebass,s e b a s ğŸŒ» ,5,654,305
boulfaale48,julien Keita ,22,52,253
Error
avsar2407,Ahmetcan AvÅŸar ,1,8,89
des_galleryfashion,JAM TANGANâŒšTAS BRANDğŸ‘œ SEPATU ğŸ‘  ,150,83,30
irvanekosaputra,Irvan Eko Saputra ,580,1015,917
salome_2704,salome cabrera martinez ,1,12,58
kristinamanasia,ĞºÑ€Ğ¸ÑÑ‚Ğ¸Ğ½Ğ° Ğ¼Ğ°Ğ½Ğ°ÑÑĞ½ ,2,7,2
a_imee324,Amus The Anus ğŸ˜‚â¤ğŸŒ ,3,201,510
jumarni_1203,Jumarni ,124,1582,332
mrs.sibrikov,Luba Sibrikov ,31,2074,395
elvirat_0404,Elvira Taalaibekova ,30,1198,463
failsjuku,Faaiils Jukuuu!ğŸ¤¡ ,0,0,1
normandlacoste1959,normand ,0,0,1
venkey_2000,âš¡â™ˆ_â‚¬_Ï€_K_Â£_ Â¥âš¡ ,1,395,486
rostikgerst.76,Rostik Gerst ,4,601,2447
elenanapolskay,Ğ•len_AnapolskayğŸ’ ,578,11.1k,310
felipeoliveira,Felipe mua ğŸŒŸ ,78,3941,969
minecrafterman420,Johneny ,3,5,18
kocabiyik_bilge,Bilge KOCABIYIK ,1,9,263
zakariaittaleb,Z A K A R I A ğŸ”±ğŸ¤™ ,3,371,49
oscarhoraciogonzalez4199,Oscar Horacio Gonzalez ,0,2,2
ivanco.sotiroski10,Gamer ,0,165,52
frmn_tuarita03,Firman Tuarita ,87,940,289
@ng_fashionteam,@ng_fashionteam â€¢ Instagram photos and videos,2,7,52
j.gormus,Jale GÃ¶rmÃ¼ÅŸ ,1,9,220
star_aquel,SunLight ,1,2,70
maia.jazmin.mendoza,maia. jazmin. mendoza ,0,1,11
betsy.miceli,BETSY âˆ™ MICELI ,389,9943,950
marisela89512,Marisela Ochoa ,0,4,60
mood.cristao,Mood.cristÃ£o ,11,231,728
clxtch.memes,ğŸ‘‰Clxtch apğŸ‘ˆ ,9,82,65
davontejohns76,Davonte Johns ,0,1,6
iklhnmlfc.90,ikranur ,0,60,227
__im_amit__,Amit Amit ,67,381,3203
skylar_aaesthetic,Skylars aestheetic ,9,9,29
andoboce,Ando bocell ,28,295,1200
cullamandu59_96,Muhammad Nasrullah ,5,279,349
@shyrose_cut,@shyrose_cut â€¢ Instagram photos and videos,7,4249,65
nurdan.akdemir,Nurdan AKDEMÄ°R ,1,10,172
slavik_sorokin7733,sÊŸá´€á´ Éªá´‹ sá´Ê€á´á´‹ÉªÉ´ ,2,167,73
mr.nikhil.malik,Nikhil MalikÂ®  (å°¼å‰å°”Â·é©¬åˆ©å…‹) ,52,644,182
tufan95_,Mustafa Monther ,838,11k,1173
skreeeph_,skreeeph ,0,8,33
hawin_grams,HawinGrams ,1,114,178
bout_hein_a,Kra LiÃ§e ,1,17,109
abusaliim.aladawi,abusaliim ,172,1904,1942
izabelasoares_1,I Z A B E L A  S O A R E S ,12,4300,271
manuel.ottoboni,Manuel Ottoboni ğŸ¦ ,148,22.7k,507
atalay_icbay,Atalay Ä°Ã‡BAY ,1,10,92
ninaroma26,black&white ,1,0,2
guevaraanderson78,andersonguevara ,0,11,126
roycom4,Roynaldi Saputra ,93,1786,559
_.anshuman,Anshuman Panda ,48,1034,143
zeroday_band,ZERODAY ,304,2147,294
nicolasoliveira.21,âš¡ -     Nicolas Oliveira ,22,486,241
zachpearsonphoto,Zach Pearson ,98,767,3038
dobedo_40_,Dobedo ,13,105,189
batiksabang,Batik Sabang ,2432,9477,3993
figeraj,Joshua Figera ,0,3,15
ozlemkaplan38,Ozlem Kaplan ,1,10,234
janah1253,@janah12 ,0,1,4
luciapiovaroli98,lucia ,47,135,360
Error
Error
Error
Error
Error
Error
Error
Error
Error
Error
Error
Error
Error
Error
Error
Error
Error
Error
Error
Error
Error
Error
Error
Error
Error
Error
Error
Error
Error
Error
Error
Error
Error
Error
Error
Error
Error
Error
Error
